# per-gene evolution speeds of GTDB's markers, from gene_congeners.tsv (make_gene_rates.py)
set	marker	name	within_factor	between_factor	species
bac120	PF00380.20	Ribosomal_S9	0.5725	0.6977	92533
bac120	PF00410.20	Ribosomal_S8	0.3248	0.6076	91424
bac120	PF00466.21	Ribosomal_L10	0.4378	0.7115	89987
bac120	PF01025.20	GrpE	1.0002	1.2317	87225
bac120	PF02576.18	DUF150	0.7615	1.1862	78096
bac120	PF03726.15	PNPase	1.0886	0.8139	86428
bac120	TIGR00006	TIGR00006	1.0681	1.2231	91930
bac120	TIGR00019	prfA	1.1034	1.0129	93532
bac120	TIGR00020	prfB	1.0637	0.9579	90809
bac120	TIGR00029	S20	0.3514	0.7479	92617
bac120	TIGR00043	TIGR00043	1.0867	1.3410	91898
bac120	TIGR00054	TIGR00054	1.1789	1.3861	90872
bac120	TIGR00059	L17	0.5509	0.7681	91761
bac120	TIGR00061	L21	0.3693	0.6221	92943
bac120	TIGR00064	ftsY	1.2392	1.1796	92540
bac120	TIGR00065	ftsZ	0.9501	0.9391	86103
bac120	TIGR00082	rbfA	0.8267	1.1553	91523
bac120	TIGR00083	ribF	1.2291	1.3770	85093
bac120	TIGR00084	ruvA	1.1691	1.2599	90787
bac120	TIGR00086	smpB	0.9552	1.0159	92069
bac120	TIGR00088	trmD	1.1434	1.1888	94139
bac120	TIGR00090	rsfS_iojap_ybeB	0.7889	1.0973	85950
bac120	TIGR00092	TIGR00092	1.1937	0.9737	90716
bac120	TIGR00095	TIGR00095	1.2167	1.4771	88697
bac120	TIGR00115	tig	0.8933	1.0095	86147
bac120	TIGR00116	tsf	0.7743	0.8593	93228
bac120	TIGR00138	rsmG_gidB	1.4014	1.5882	80255
bac120	TIGR00158	L9	0.7106	0.9396	93110
bac120	TIGR00166	S6	0.3418	0.6627	93174
bac120	TIGR00168	infC	0.5533	0.7481	91179
bac120	TIGR00186	rRNA_methyl_3	1.2140	1.3000	78277
bac120	TIGR00194	uvrC	1.3584	1.1541	92194
bac120	TIGR00250	RNAse_H_YqgF	1.0178	1.3485	89571
bac120	TIGR00337	PyrG	1.1081	0.9215	87204
bac120	TIGR00344	alaS	1.4235	1.0695	92484
bac120	TIGR00362	DnaA	1.0290	1.0492	87502
bac120	TIGR00382	clpX	0.9904	0.8947	75770
bac120	TIGR00392	ileS	1.4028	1.0009	89312
bac120	TIGR00396	leuS_bact	1.4413	0.9935	91289
bac120	TIGR00398	metG	1.3496	1.0145	90963
bac120	TIGR00414	serS	1.2498	1.0711	91853
bac120	TIGR00416	sms	1.3556	1.1821	78078
bac120	TIGR00420	trmU	1.3351	1.1741	90318
bac120	TIGR00431	TruB	1.3197	1.3960	92236
bac120	TIGR00435	cysS	1.3467	1.1131	88883
bac120	TIGR00436	era	1.1377	1.1203	82748
bac120	TIGR00442	hisS	1.2799	1.1290	91697
bac120	TIGR00445	mraY	1.0277	1.0457	88492
bac120	TIGR00456	argS	1.2912	1.0995	91526
bac120	TIGR00459	aspS_bact	1.2783	0.9446	85954
bac120	TIGR00460	fmt	1.3940	1.4466	91521
bac120	TIGR00468	pheS	1.0931	0.9498	92848
bac120	TIGR00472	pheT_bact	1.5077	1.2417	92097
bac120	TIGR00487	IF-2	1.1237	0.9434	94149
bac120	TIGR00496	frr	0.7726	0.9941	95760
bac120	TIGR00539	hemN_rel	1.5446	1.3944	84394
bac120	TIGR00580	mfd	1.5459	1.1221	88436
bac120	TIGR00593	pola	1.5181	1.1679	90691
bac120	TIGR00615	recR	1.0437	1.1481	92509
bac120	TIGR00631	uvrb	1.4157	0.9978	90942
bac120	TIGR00634	recN	1.3764	1.4020	81950
bac120	TIGR00635	ruvB	1.2833	1.1056	92821
bac120	TIGR00643	recG	1.4980	1.3181	87361
bac120	TIGR00663	dnan	1.0409	1.0722	88393
bac120	TIGR00717	rpsA	0.7221	0.5949	72718
bac120	TIGR00755	ksgA	1.2597	1.3279	92941
bac120	TIGR00810	secG	0.6778	1.1554	92743
bac120	TIGR00922	nusG	0.6540	0.7973	83138
bac120	TIGR00928	purB	1.1762	1.0058	79613
bac120	TIGR00959	ffh	1.0238	0.8865	85755
bac120	TIGR00963	secA	1.0662	0.9356	88332
bac120	TIGR00964	secE_bact	0.3983	1.0160	81326
bac120	TIGR00967	3a0501s007	0.7092	0.8694	92870
bac120	TIGR01009	rpsC_bact	0.4795	0.6079	84359
bac120	TIGR01011	rpsB_bact	0.6814	0.6692	92765
bac120	TIGR01017	rpsD_bact	0.4785	0.6512	88882
bac120	TIGR01021	rpsE_bact	0.4349	0.6764	87412
bac120	TIGR01029	rpsG_bact	0.4399	0.5969	83699
bac120	TIGR01032	rplT_bact	0.4739	0.6059	93178
bac120	TIGR01039	atpD	0.9084	0.6679	76688
bac120	TIGR01044	rplV_bact	0.2795	0.5995	83789
bac120	TIGR01059	gyrB	1.0790	0.9435	83311
bac120	TIGR01063	gyrA	1.1090	0.9309	85399
bac120	TIGR01066	rplM_bact	0.3871	0.6216	92795
bac120	TIGR01071	rplO_bact	0.4887	0.8278	88274
bac120	TIGR01079	rplX_bact	0.3443	0.6819	85164
bac120	TIGR01082	murC	1.1762	1.1874	85590
bac120	TIGR01087	murD	1.3196	1.3408	89103
bac120	TIGR01128	holA	1.2650	1.4351	87631
bac120	TIGR01146	ATPsyn_F1gamma	0.7577	0.8783	77260
bac120	TIGR01164	rplP_bact	0.3479	0.5800	84568
bac120	TIGR01169	rplA_bact	0.6441	0.7442	83675
bac120	TIGR01171	rplB_bact	0.5342	0.6422	85102
bac120	TIGR01302	IMP_dehydrog	1.0980	0.9709	76503
bac120	TIGR01391	dnaG	1.2406	1.2375	89777
bac120	TIGR01393	lepA	1.1898	0.8953	90804
bac120	TIGR01394	TypA_BipA	1.0863	0.8423	85756
bac120	TIGR01510	coaD_prev_kdtB	0.9248	1.1682	86948
bac120	TIGR01632	L11_bact	0.4056	0.5813	83951
bac120	TIGR01951	nusB	0.8605	1.1830	92883
bac120	TIGR01953	NusA	0.8554	0.8952	94295
bac120	TIGR02012	tigrfam_recA	0.9998	0.8849	90234
bac120	TIGR02013	rpoB	0.9637	0.6964	81331
bac120	TIGR02027	rpoA	0.5174	0.6476	88271
bac120	TIGR02075	pyrH_bact	0.8658	0.9858	89131
bac120	TIGR02191	RNaseIII	0.9583	1.2756	87245
bac120	TIGR02273	16S_RimM	1.0448	1.3667	80631
bac120	TIGR02350	prok_dnaK	1.0208	0.7143	80564
bac120	TIGR02386	rpoC_TIGR	0.9899	0.6874	79294
bac120	TIGR02397	dnaX_nterm	1.5048	1.2346	91134
bac120	TIGR02432	lysidine_TilS_N	1.5271	1.7596	88555
bac120	TIGR02729	Obg_CgtA	1.1998	1.1390	93299
bac120	TIGR03263	guanyl_kin	0.9537	1.2151	87887
bac120	TIGR03594	GTPase_EngA	1.1378	1.0956	91896
bac120	TIGR03625	L3_bact	0.4759	0.6805	84641
bac120	TIGR03632	uS11_bact	0.3527	0.5805	88260
bac120	TIGR03654	L6_bact	0.4358	0.7560	85808
bac120	TIGR03723	T6A_TsaD_YgjD	1.3110	1.2475	92558
bac120	TIGR03725	T6A_YeaZ	1.3840	1.6172	87495
bac120	TIGR03953	rplD_bact	0.5060	0.7448	84490
ar53	PF00410.20	Ribosomal_S8	0.3248	0.6076	91424
ar53	PF00466.21	Ribosomal_L10	0.4378	0.7115	89987
ar53	PF00687.22	Ribosomal_L1	0.8315	0.8205	5183
ar53	PF00827.18	Ribosomal_L15e	0.9418	0.8908	5121
ar53	PF00900.21	Ribosomal_S4e	0.9731	1.0545	5192
ar53	PF01000.27	RNA_pol_A_bac	1.0068	1.0629	5276
ar53	PF01015.19	Ribosomal_S3Ae	1.0046	0.9085	5147
ar53	PF01090.20	Ribosomal_S19e	0.8874	1.0095	5214
ar53	PF01200.19	Ribosomal_S28e	0.5618	0.6518	5266
ar53	PF01280.21	Ribosomal_L19e	0.8363	0.9862	5270
ar53	PF04919.13	DUF655	0.9006	1.2206	5310
ar53	PF07541.13	EIF_2_alpha	0.9835	1.0286	5169
ar53	TIGR00037	eIF_5A	0.8180	0.9592	5174
ar53	TIGR00064	ftsY	1.2392	1.1796	92540
ar53	TIGR00111	pelota	1.2864	1.2911	4585
ar53	TIGR00134	gatE_arch	1.5695	1.3197	5121
ar53	TIGR00279	uL16_euk_arch	0.9015	0.9212	5177
ar53	TIGR00291	RNA_SBDS	0.9717	1.0968	5311
ar53	TIGR00323	eIF-6	1.0410	1.3047	4596
ar53	TIGR00335	primase_sml	1.3398	1.4347	4377
ar53	TIGR00373	TIGR00373	0.8567	1.0139	3878
ar53	TIGR00405	KOW_elon_Spt5	0.9609	0.9747	5241
ar53	TIGR00448	rpoE	0.8591	0.9682	5273
ar53	TIGR00483	EF-1_alpha	0.9900	0.7085	4788
ar53	TIGR00491	aIF-2	1.1892	1.1412	5185
ar53	TIGR00522	dph5	1.4172	1.4558	4797
ar53	TIGR00967	3a0501s007	0.7092	0.8694	92870
ar53	TIGR00982	uS12_E_A	0.7930	0.7264	5200
ar53	TIGR01008	uS3_euk_arch	0.9899	0.9675	5219
ar53	TIGR01012	uS2_euk_arch	0.8664	0.8740	5324
ar53	TIGR01018	uS4_arch	0.9294	1.0212	5269
ar53	TIGR01020	uS5_euk_arch	0.9002	0.8626	5246
ar53	TIGR01028	uS7_euk_arch	0.9441	0.9793	5196
ar53	TIGR01046	uS10_euk_arch	0.7371	0.6952	5035
ar53	TIGR01052	top6b	1.3251	1.1489	4745
ar53	TIGR01171	rplB_bact	0.5342	0.6422	85102
ar53	TIGR01213	pseudo_Pus10arc	1.3897	1.3354	4245
ar53	TIGR01952	nusA_arch	0.7131	0.9991	4192
ar53	TIGR02236	recomb_radA	1.0107	1.0095	4668
ar53	TIGR02338	gimC_beta	0.8508	0.9837	4905
ar53	TIGR02389	RNA_pol_rpoA2	1.0466	1.0237	4016
ar53	TIGR02390	RNA_pol_rpoA1	1.0896	0.9505	4757
ar53	TIGR03626	L3_arch	0.8735	0.8682	4587
ar53	TIGR03627	uS9_arch	0.7045	0.8288	3619
ar53	TIGR03628	arch_S11P	0.6812	0.7873	3674
ar53	TIGR03629	uS13_arch	0.7021	0.8595	3057
ar53	TIGR03670	rpoB_arch	1.0452	0.9336	4705
ar53	TIGR03671	cca_archaeal	1.5432	1.6006	4793
ar53	TIGR03672	rpl4p_arch	0.9446	1.0095	4018
ar53	TIGR03673	uL14_arch	0.6767	0.8078	2725
ar53	TIGR03674	fen_arch	1.3072	1.3535	4522
ar53	TIGR03676	aRF1/eRF1	1.2543	1.1283	4959
ar53	TIGR03680	eif2g_arch	0.9922	1.0233	4596
