# GTDB r226 marker sets (auxillary_files/{bac120,ar53}_msa_marker_info_r226.tsv).
# length_aa is the HMM model length; simulate_gtdb_release.pl scales it to a gene length.
set	marker	name	length_aa
bac120	PF00380.20	Ribosomal_S9	121
bac120	PF00410.20	Ribosomal_S8	126
bac120	PF00466.21	Ribosomal_L10	100
bac120	PF01025.20	GrpE	166
bac120	PF02576.18	DUF150	73
bac120	PF03726.15	PNPase	83
bac120	TIGR00006	TIGR00006	310
bac120	TIGR00019	prfA	361
bac120	TIGR00020	prfB	365
bac120	TIGR00029	S20	87
bac120	TIGR00043	TIGR00043	111
bac120	TIGR00054	TIGR00054	421
bac120	TIGR00059	L17	112
bac120	TIGR00061	L21	101
bac120	TIGR00064	ftsY	279
bac120	TIGR00065	ftsZ	353
bac120	TIGR00082	rbfA	115
bac120	TIGR00083	ribF	290
bac120	TIGR00084	ruvA	192
bac120	TIGR00086	smpB	144
bac120	TIGR00088	trmD	233
bac120	TIGR00090	rsfS_iojap_ybeB	99
bac120	TIGR00092	TIGR00092	368
bac120	TIGR00095	TIGR00095	194
bac120	TIGR00115	tig	410
bac120	TIGR00116	tsf	293
bac120	TIGR00138	rsmG_gidB	183
bac120	TIGR00158	L9	148
bac120	TIGR00166	S6	95
bac120	TIGR00168	infC	165
bac120	TIGR00186	rRNA_methyl_3	240
bac120	TIGR00194	uvrC	574
bac120	TIGR00250	RNAse_H_YqgF	130
bac120	TIGR00337	PyrG	526
bac120	TIGR00344	alaS	847
bac120	TIGR00362	DnaA	437
bac120	TIGR00382	clpX	414
bac120	TIGR00392	ileS	861
bac120	TIGR00396	leuS_bact	843
bac120	TIGR00398	metG	530
bac120	TIGR00414	serS	418
bac120	TIGR00416	sms	454
bac120	TIGR00420	trmU	351
bac120	TIGR00431	TruB	210
bac120	TIGR00435	cysS	466
bac120	TIGR00436	era	270
bac120	TIGR00442	hisS	406
bac120	TIGR00445	mraY	321
bac120	TIGR00456	argS	569
bac120	TIGR00459	aspS_bact	586
bac120	TIGR00460	fmt	315
bac120	TIGR00468	pheS	324
bac120	TIGR00472	pheT_bact	798
bac120	TIGR00487	IF-2	587
bac120	TIGR00496	frr	176
bac120	TIGR00539	hemN_rel	361
bac120	TIGR00580	mfd	923
bac120	TIGR00593	pola	890
bac120	TIGR00615	recR	196
bac120	TIGR00631	uvrb	658
bac120	TIGR00634	recN	563
bac120	TIGR00635	ruvB	305
bac120	TIGR00643	recG	629
bac120	TIGR00663	dnan	367
bac120	TIGR00717	rpsA	516
bac120	TIGR00755	ksgA	256
bac120	TIGR00810	secG	73
bac120	TIGR00922	nusG	172
bac120	TIGR00928	purB	436
bac120	TIGR00959	ffh	428
bac120	TIGR00963	secA	787
bac120	TIGR00964	secE_bact	57
bac120	TIGR00967	3a0501s007	414
bac120	TIGR01009	rpsC_bact	212
bac120	TIGR01011	rpsB_bact	225
bac120	TIGR01017	rpsD_bact	200
bac120	TIGR01021	rpsE_bact	156
bac120	TIGR01029	rpsG_bact	154
bac120	TIGR01032	rplT_bact	114
bac120	TIGR01039	atpD	462
bac120	TIGR01044	rplV_bact	103
bac120	TIGR01059	gyrB	639
bac120	TIGR01063	gyrA	800
bac120	TIGR01066	rplM_bact	141
bac120	TIGR01071	rplO_bact	144
bac120	TIGR01079	rplX_bact	104
bac120	TIGR01082	murC	449
bac120	TIGR01087	murD	441
bac120	TIGR01128	holA	314
bac120	TIGR01146	ATPsyn_F1gamma	286
bac120	TIGR01164	rplP_bact	126
bac120	TIGR01169	rplA_bact	227
bac120	TIGR01171	rplB_bact	275
bac120	TIGR01302	IMP_dehydrog	450
bac120	TIGR01391	dnaG	414
bac120	TIGR01393	lepA	595
bac120	TIGR01394	TypA_BipA	594
bac120	TIGR01510	coaD_prev_kdtB	155
bac120	TIGR01632	L11_bact	140
bac120	TIGR01951	nusB	131
bac120	TIGR01953	NusA	340
bac120	TIGR02012	tigrfam_recA	321
bac120	TIGR02013	rpoB	1238
bac120	TIGR02027	rpoA	298
bac120	TIGR02075	pyrH_bact	233
bac120	TIGR02191	RNaseIII	219
bac120	TIGR02273	16S_RimM	166
bac120	TIGR02350	prok_dnaK	596
bac120	TIGR02386	rpoC_TIGR	1147
bac120	TIGR02397	dnaX_nterm	355
bac120	TIGR02432	lysidine_TilS_N	189
bac120	TIGR02729	Obg_CgtA	329
bac120	TIGR03263	guanyl_kin	180
bac120	TIGR03594	GTPase_EngA	432
bac120	TIGR03625	L3_bact	202
bac120	TIGR03632	uS11_bact	117
bac120	TIGR03654	L6_bact	175
bac120	TIGR03723	T6A_TsaD_YgjD	314
bac120	TIGR03725	T6A_YeaZ	212
bac120	TIGR03953	rplD_bact	188
ar53	PF00410.20	Ribosomal_S8	126
ar53	PF00466.21	Ribosomal_L10	100
ar53	PF00687.22	Ribosomal_L1	204
ar53	PF00827.18	Ribosomal_L15e	189
ar53	PF00900.21	Ribosomal_S4e	75
ar53	PF01000.27	RNA_pol_A_bac	112
ar53	PF01015.19	Ribosomal_S3Ae	195
ar53	PF01090.20	Ribosomal_S19e	137
ar53	PF01200.19	Ribosomal_S28e	64
ar53	PF01280.21	Ribosomal_L19e	144
ar53	PF04919.13	DUF655	181
ar53	PF07541.13	EIF_2_alpha	114
ar53	TIGR00037	eIF_5A	130
ar53	TIGR00064	ftsY	279
ar53	TIGR00111	pelota	351
ar53	TIGR00134	gatE_arch	622
ar53	TIGR00279	uL16_euk_arch	172
ar53	TIGR00291	RNA_SBDS	231
ar53	TIGR00323	eIF-6	215
ar53	TIGR00335	primase_sml	324
ar53	TIGR00373	TIGR00373	162
ar53	TIGR00405	KOW_elon_Spt5	145
ar53	TIGR00448	rpoE	179
ar53	TIGR00483	EF-1_alpha	427
ar53	TIGR00491	aIF-2	594
ar53	TIGR00522	dph5	258
ar53	TIGR00967	3a0501s007	414
ar53	TIGR00982	uS12_E_A	139
ar53	TIGR01008	uS3_euk_arch	195
ar53	TIGR01012	uS2_euk_arch	196
ar53	TIGR01018	uS4_arch	162
ar53	TIGR01020	uS5_euk_arch	212
ar53	TIGR01028	uS7_euk_arch	186
ar53	TIGR01046	uS10_euk_arch	99
ar53	TIGR01052	top6b	488
ar53	TIGR01171	rplB_bact	275
ar53	TIGR01213	pseudo_Pus10arc	387
ar53	TIGR01952	nusA_arch	141
ar53	TIGR02236	recomb_radA	311
ar53	TIGR02338	gimC_beta	110
ar53	TIGR02389	RNA_pol_rpoA2	367
ar53	TIGR02390	RNA_pol_rpoA1	867
ar53	TIGR03626	L3_arch	331
ar53	TIGR03627	uS9_arch	130
ar53	TIGR03628	arch_S11P	117
ar53	TIGR03629	uS13_arch	144
ar53	TIGR03670	rpoB_arch	599
ar53	TIGR03671	cca_archaeal	410
ar53	TIGR03672	rpl4p_arch	251
ar53	TIGR03673	uL14_arch	131
ar53	TIGR03674	fen_arch	338
ar53	TIGR03676	aRF1/eRF1	403
ar53	TIGR03680	eif2g_arch	407
